[
    {"name":"Dhanmondi","key":"B112","location":"166/1 Mirpur Road (Beside Dolphin Goli), Kalabagan,Dhaka-1205.","phone":9141795,"email":"info@medicarehospital.com.bd"},
    
    {"name":"Banani","key":"B347","location":"Road-10, Block D, Banani, 1213 Banani Model Town, Dhaka-1213.","phone":9134795,"email":"info@medicarehospital.com.bd"},
    
    {"name":"Mouchak","key":"B156","location":"128/2 New Circular Road (West Side of Mouchak Market), Mouchak,Dhaka-1219.","phone":9546435,"email":"info@medicarehospital.com.bd"},
    
    {"name":"Uttara","key":"B134","location":"House No - 1/C, Road No - 2 (Behind London Plaza), Sector - 3, Uttara,Dhaka-1230.","phone":9326483,"email":"info@medicarehospital.com.bd"},
    
    {"name":"Mirpur","key":"B324","location":"House 14, (Beside Mirpur 11 Central Mosque), Pallabi, Mirpur, Dhaka.","phone":9342689,"email":"info@medicarehospital.com.bd"},
    
    {"name":"Chittagong","key":"B344","location":"House-16 (2nd Floor), Road-1, O.R. Nizam Road R/A, GEC Circle, Chittagong.","phone":9124234,"email":"info@medicarehospital.com.bd"},
    
    {"name":"Rangpur","key":"B434","location":"Opposite to Circuit House, beside Caspia, Rangpur.","phone":9234628,"email":"info@medicarehospital.com.bd"},
    
    {"name":"Sylhet","key":"B214","location":"Modon Mohon College Road, Zindabazar, Sylhet.","phone":9234721,"email":"info@medicarehospital.com.bd"},
    
    {"name":"Rajshahi","key":"B235","location":"Shaheb Bazar, Zero Point, Rajshahi.","phone":9234726,"email":"info@medicarehospital.com.bd"}
]