[
    {"id":1,"name":"Arafat Hossain","img":"https://i.ibb.co/r5Jv8MV/images-2.jpg","speciality":"Cardiology","degree":"MBBS, FCPS, FRCP"},

    {"id":2,"name":"Kamal Hasan","img":"https://i.ibb.co/GHL7DsF/images-5.jpg","speciality":"Medicine","degree":"MBBS, FCPS, FACP"},

    {"id":3,"name":"Abrar Hasan","img":"https://i.ibb.co/QHCg1cG/images-7.jpg","speciality":"Neurology","degree":"MBBS, FCPS, BCS(Health)"},
    
    {"id":4,"name":"Bushra Hasan","img":"https://i.ibb.co/yXcz5QB/images-1.jpg","speciality":"Gynaecology","degree":"MBBS, FCPS, Ph.D"},
    
    {"id":5,"name":"Sanjid Khan","img":"https://i.ibb.co/dgqj1wb/download.jpg","speciality":"Orthopedic","degree":"MBBS, D(ortho), MS(ortho)"},
    
    {"id":6,"name":"Adnan Kabir","img":"https://i.ibb.co/tCpr0m7/images-4.jpg","speciality":"Urology","degree":"MBBS, FCPS, FICS"},
    
    {"id":7,"name":"Jahangir Kabir","img":"https://i.ibb.co/6WKsSK5/images-6.jpg","speciality":"Life Style Modifier","degree":"COPD, C-Ultra & Diabetes"},
    
    {"id":8,"name":"Lamia Rahman","img":"https://i.ibb.co/4sY8DY5/images-3.jpg","speciality":"Pediatrics","degree":"MBBS, FCPS, MCPS"},
    
    {"id":9,"name":"Rakib Hasan","img":"https://i.ibb.co/kc9M3zq/images-8.jpg","speciality":"Dermatology","degree":"FCPS, FRCP, DDV"},
    
    {"id":10,"name":"Foysal Ahmed","img":"https://i.ibb.co/bQ5bS1j/images.jpg","speciality":"Liver Medicine","degree":"MBBS, MD(Hepatology)"}
]